,Path,Automation Name,Activities,Status,Next Run,Last Run Status,Last Run,Last Modified
0,Data factory Utitly Automations,520000018-PSExtended-24,,Scheduled,2024-02-23 00:15:00,Complete,2024-02-22 00:15:00,2024-02-22 00:15:00
1,,ACL Contacts Validity Cleanse,Import ACL Contact Validation,Inactive File Drop,--,Complete,2024-01-16 16:58:00,2024-01-16 16:58:00
2,Journeys/ACL,ACL Newsletter,"ACL Subscriber Share
ACL Show Recommendation Newsletter
ACL Already Bought
ACL Newsletter Show Recommendation 1
ACL Newsletter Show Recommendation 2
ACL Newsletter Show Recommendation 3
ACL Newsletter Show High Level Recommendation 1
ACL Newsletter Show High Level Recommendation 2
ACL Newsletter Show High Level Recommendation 3
ACL Newsletter Show High Level Recommendation 2.2
ACL Newsletter Show High Level Recommendation 3.2
ACL Newsletter Show High Level Recommendation 2.3
ACL Newsletter Show High Level Recommendation 3.3
ACL Newsletter Show High Level Recommendation 2.4
ACL Newsletter Show High Level Recommendation 3.4
No Genre ACL
ACL Newsletter show recommendation Fallback 1
ACL Newsletter Show Fallback Recommendation 2
ACL Newsletter Show Fallback Recommendation 3",Ready,--,Complete,2023-08-24 07:22:00,2023-08-25 01:58:00
3,Journeys/ACL,ACL Post Purchase Journey,"ACL Post Purchase
ACL_PostPurchase_Recommendation 1
ACL_PostPurchase_Recommendation 2
ACL_PostPurchase_Recommendation 3
ACL_PostPurchase_ShowRecommendation HighLevel_1
ACL_PostPurchase_ShowRecommendation HighLevel_2
ACL_PostPurchase_ShowRecommendation HighLevel_3
ACL_Postpurchase_ShowRecommendation_Fallback_1
ACL_Postpurchase_ShowRecommendation_Fallback_2
ACL_Postpurchase_ShowRecommendation_Fallback_3
ACL Post Purchase Audit",Scheduled,2024-02-23 08:30:00,Complete,2024-02-22 08:37:00,2024-02-22 08:37:00
4,,ACL Post Visit Journey,"ACL Post Arrival
ACL Show Recommendation 1 - Post Arrival
ACL Show Recommendation 2 - Post Arrival
ACL Show Recommendation 3 - Post Arrival
ACL Show Recommendation High Level 1 - Post Arrival
ACL Show recommendation High Level 2 - Post Arrival
ACL Show recommendation High Level 3 - Post Arrival
ACL Show recommendation Fallback 1 - Post Arrival
ACL show recommendation Fallback 2 -Post Arrival
ACL Post Visit Audit",Scheduled,2024-02-23 06:00:00,Complete,2024-02-22 06:14:00,2024-02-22 06:14:00
5,Journeys/ACL,ACL Pre Arrival - 7 days,"Pre Arrival 7 days Prior
ACL Show Recommendation 1 - 7days Prior
ACL Show recommendation 2 - 7 days Prior
ACL Show Recommendation 3 - 7 days Prior
ACL Show Recommendation High Level 1 - 7 days Prior
ACL Show Recommendation High Level 2 - 7 days Prior
ACL show recommendation High level 3 - 7 days Prior
ACL show recommendation Fallback 1 - 7 days Prior
ACL show recommendation Fallback 2 - 7days Prior
ACL show recommendation Fallback 3 - 7 days Prior
Pre Arrival 7 day Prior Audit",Ready,--,,--,2023-07-27 13:34:00
6,Journeys/ACL,ACL Pre Arrival Journey,"ACL_PreArrival_DONOTOVERWRITE
Pre Arrival Journey
ACL Show Recommendation 1
ACL Show recommendation 2
ACL Show Recommendation 3
ACL Show Recommendation High Level 1
ACL Show Recommendation High Level 2
ACL Show Recommendation High Level 3
ACL show recommendation Fallback 1
ACL show recommendation Fallback 2
ACL show recommendation Fallback 3
ACL Arrival Audit",Scheduled,2024-02-23 05:30:00,Complete,2024-02-22 05:37:00,2024-02-22 05:37:00
7,Journeys/ACL,ACL Upsell and Sold Out,"ACL_Upsell
ACL_Event_SoldOut",Scheduled,2024-02-23 00:00:00,Complete,2024-02-22 00:03:00,2024-02-22 00:03:00
8,ACL_PSL,ACL_PSL_Status_Sync_All_Subscribers,"ACL_PSL_Status_Sync_All_Subscribers
ACL_PSL_Status_Sync_All_Subscribers (Extract)
Updated White Glove List Shared to AllContacts_Step1",Ready,--,Complete,2024-02-28 02:20:00,2024-02-21 09:20:00
9,Journeys/ACL,ACL_Recommendations,"Get_ACL_Subscribers_Step1
ACL_Already_Bought_Reco_Step2
ACL_SubGenre_Rec1
ACL_SubGenre_Rec2
ACL_SubGenre_Rec3
ACL_Genre_Rec1
ACL_Genre_Rec2
ACL_Genre_Rec3
ACL_Genre_Rec2.2
ACL_Genre_Rec3.2
ACL_Genre_Rec2.3
ACL_Genre_Rec3.3
ACL_Genre_Rec2.4
ACL_Genre_Rec3.4
ACL_Expressed_Genre_Rec1
ACL_Expressed_Genre_Rec2
ACL_Expressed_Genre_Rec3
ACL Recommendation No Match
ACL Recommendation Fall Back 1
ACL Recommendation Fall Back 2
ACL Recommendation Fall Back 3",Ready,--,Complete,2023-02-07 17:21:00,2023-02-07 17:40:00
10,Marketing/Visitation,ACL_Visitation,"AV_ACL_Visits
TM_ACL_Visits
Add_TM_Visits
Add_AV_Visits
ACL_Most_Recent_Visit_All_Contacts
TM_ACL_Next_Visits
AV_Ryman_Next_Visit
Next_ACL_Visit_All_Contacts",Running,2024-02-22 12:00:00,,--,2024-02-22 11:01:00
11,Ad Studio,Ad Studio,"Opry Show Next 14-30 Days
Opry Show Future No PLP
Opry Show No Purchase last 90 Days
AV_Purchasers_All_Time
Opry_Show_Email_Engagers_No_6MO_Purch
Opry Visitation
AV_GOOS_Purchasers_All_Time
Opry Country Classics
Opry Show in Next 6 Months
AV_OHBS_Purchasers_All_Time
Opry Tour Email Engagers No Purchase 6MO
AV_RYMM_Purchasers_All_Time
AV_RYBS_Purchasers_All_Time
Country Duos Tour Purchasers
TM_Purchasers_All_Time
Bluegrass Nights Prior Purchasers
SFMC_Opry_Preference_Active
SFMC_WSM_Preference_Active
SFMC_ORG_Preference_Active
SFMC_ORT_Preference_Active
SFMC_ORN_Preference_Active
SFMC_ORO_Preference_Active
SFMC_Ryman_Preference_Active_All
SFMC_Ole_Red_All_Preference_Active
Ryman Visitation
Ole red Menu Engagers No Visit
ORO Visitation
ORT Visitation
ORG Visitation
ORN Visitation
Any Ole Red Visitation",Scheduled,2024-02-23 10:00:00,Complete,2024-02-22 10:12:00,2024-02-22 10:12:00
12,Marketing,Add Manual Forms and Sweeps to Customer Master and Datorama,"Add to Forms and Sweeps Manual Upload
Standard Input Layout Forms and Sweeps Add to Customer Master",Ready,--,Complete,2024-02-09 14:14:00,2024-02-09 14:14:00
13,Marketing,Add Manual Optins and Opt Outs to All Contacts,Manual_OEG_All_Contacts_Update,Ready,--,Complete,2023-08-03 07:26:00,2023-08-03 07:26:00
14,Genre,All Expressed Genre,All Expressed Genre,Scheduled,2024-02-26 00:30:00,Complete,2024-02-19 00:30:00,2024-02-19 00:30:00
15,Marketing/Backups,All Subscribers Parent Hourly Backup,"All Subscribers Parent Backup
All Subs Parent (Extract)
All Subs Parent (Transfer)",Scheduled,2024-02-22 12:00:00,Complete,2024-02-22 11:06:00,2024-02-22 11:06:00
16,Marketing/Backups,AllContacts_Step1_Backup,"AllContacts_Step1_Backup(Extract)
AllContacts_Step1_Backup(Transfer)",Scheduled,2024-02-22 11:30:00,Complete,2024-02-22 10:39:00,2024-02-22 10:39:00
17,OESP,April OESP,"Nashville_Opry_April_LY
Nashville_ACLRyman_April_LY
TNRegion_ACLRyman_April_LY
TNRegion_Opry_April_LY
National_Opry_April_LY
National_ACLRyman_April_LY",Paused Schedule,--,,--,2024-01-16 14:55:00
18,One Time Requests,Artist Genre combining,"artist genre
Geo Artist Genre",Ready,--,Complete,2023-07-13 06:41:00,2023-07-13 06:41:00
19,,Artist_Picklist,Artist_Picklist,Scheduled,2024-02-23 01:00:00,Complete,2024-02-22 01:00:00,2024-02-22 01:00:00
20,Marketing/Aspire_North,Aspire_North_Location,"AN_Nashville_Austin_Purchase
AN_Austin_Nashville_Purchase",Scheduled,2024-03-01 02:00:00,Complete,2024-02-01 02:27:00,2024-02-01 02:27:00
21,Marketing/Aspire_North,Aspire_North_Purchasers,"AN_Opry_Show_Purchasers
AN_Opry_Tour_Purchasers
AN_Ryman_Guided_Tour_Purchasers
AN_Ryman_Self_Guided_Tour_Purchasers",Scheduled,2024-03-01 01:00:00,Complete,2024-02-01 01:13:00,2024-02-01 01:13:00
22,Marketing/Aspire_North,Aspire_North_Subscribers,"AN_Opry_Email_Subscribers
AN_Ryman_Email_Subscribers
AN_OleRed_Email_Subscribers
AN_ACL_Email_Subscribers
AN_WSM_Email_Subscribers",Paused Schedule,--,,--,2023-01-25 12:16:00
23,AudienceView,AudienceView Admission Detail Clean,"AudienceView Admission Detail Clean (Import)
AudienceView Admission Detail Clean
AudienceView Admission Detail Clean (Extract)
AudienceView Admission Detail Clean (Transfer)
AudienceView Admission Detail (Import)
AudienceView Admission Detail",Active File Drop,--,,--,2021-10-01 03:57:00
24,AudienceView,AudienceView Canceled Orders Clean,"AudienceView Cancelled Order Clean (Import)
AudienceView Cancelled Orders Clean
AudienceView Cancelled Order Clean (Extract)
AudienceView Cancelled Order (Import)
AudienceView Cancelled Orders",Active File Drop,--,,--,2021-10-01 03:37:00
25,AudienceView,AudienceView Customer Type Clean,"AudienceView Customer Type Clean (Import)
AudienceView Customer Type Clean
AudienceView Customer Type Clean (Extract)
AudienceView Customer Type Clean (Transfer)
AudienceView Customer Type (Import)
AudienceView_Customer_Type_Staging_TO_ALL",Active File Drop,--,,--,2021-10-01 03:09:00
26,AudienceView,AudienceView Events Clean,"AudienceView Events Clean (Import)
AudienceView Events Clean
AudienceView Events Clean (Extract)
AudienceView Events Clean (Transfer)
AudienceView Events Clean (Import)
AudienceView_Events_Staging_TO_ALL",Active File Drop,--,,--,2021-10-01 03:13:00
27,AudienceView,AudienceView Misc Item Charges Clean,"AudienceView Misc Item Charges Clean (Import)
AudienceView Misc Item Charges Clean Clean
AudienceView Misc Item Charges Clean Clean (Extract)
AudienceView Misc Item Charges Clean Clean (Transfer)
AudienceView Misc Item Charges (Import)
AudienceView_Misc_Item_Charges_TO_ALL",Active File Drop,--,,--,2021-10-01 03:17:00
28,Legacy Systems,AudienceView Misc Items Sales Clean,"AudienceView Misc Item Sales Clean (Import)
AudienceView Misc Item Sales Clean Clean
AudienceView Misc Item Sales Clean Clean (Extract)
AudienceView Misc Item Sales Clean Clean (Transfer)
AudienceView Misc Item Sales (Import)
AudienceView_Misc_Item_Sales_TO_ALL",Inactive File Drop,--,,--,2021-03-15 03:22:00
29,AudienceView,AudienceView Order Adminssions Clean,"AudienceView Order Adminssions Clean (Import)
AudienceView Order Adminssions Clean 
AudienceView Order Adminssions Clean (Extract)
AudienceView Order Adminssions Clean (Transfer)
AudienceView Order Adminssions (Import)
AudienceView_Order_Admission_TO_ALL
AudienceView_Order_Admission_All_Orders",Active File Drop,--,,--,2021-10-01 03:34:00
30,Legacy Systems,AudienceView Order Admission Charges Clean,"AudienceView Order Admission Charges Clean (Import)
AudienceView Order Admission Charges Clean
AudienceView Order Admission Charges Clean (Extract)
AudienceView Order Admission Charges Clean (Transfer)
AudienceView Order Admission Charges (Import)
AudienceView_Order_Admission_Charges_TO_ALL",Inactive File Drop,--,,--,2021-03-08 04:27:00
31,AudienceView,AudienceView Order Charges Clean,"AudienceView Order Charges Clean (Import)
AudienceView Order Charges Clean
AudienceView Order Charges Clean (Extract)
AudienceView Order Charges Clean (Transfer)
AudienceView Order Charges (Import)
AudienceView_Order_Charges_TO_ALL",Active File Drop,--,,--,2021-10-01 03:37:00
32,AudienceView,AudienceView Order Contact Total,"AudienceView Order Contact Total - Ongoing
AudienceView Order Type Total - Ongoing",Ready,--,,--,2022-12-15 14:26:00
33,AudienceView,AudienceView Order Contacts Clean,"AudienceView Order Contacts Clean (Import)
AudienceView Order Contacts Clean
AudienceView Order Contacts Clean (Extract)
AudienceView Order Contacts Clean (Transfer)
AudienceView Order Contacts (Import)
AudienceView_Order_Contact_Staging_TO_ALL",Active File Drop,--,,--,2021-10-01 03:42:00
34,AudienceView,AudienceView Update Customer Master,"AudienceView_Order_Contact Insert Customer Master
AudienceView_Order_Contact Update Customer Master
AudienceView_Customer_Type Update Customer Master",Ready,--,,--,2022-12-15 14:26:00
35,OESP,August OESP,"Nashville_Opry_August_LY
ACLRyman_August_LY
TNRegion_ACLRyman_August_LY
TNRegion_Opry_August_LY
National_Opry_August_LY
National_ACLRyman_August_LY",Paused Schedule,--,,--,2023-04-25 13:50:00
36,Marketing/Backups,AV Backup,"AV_Detail_Backup
AV Contact Backup Daily",Scheduled,2024-02-23 07:30:00,Complete,2024-02-22 07:43:00,2024-02-22 07:43:00
37,Legacy Systems,AV Historical Customer,"AV_Historical_Order_Contact
AV_Historical_Order_Contact_Update
AV_Historical_Customer_Type_Update
AV Historical Load to CM",Ready,--,,--,2020-10-09 12:14:00
38,AXS,AXS Artist,"AXS Artist Import (Import)
AXS Historical Artist",Active File Drop,--,Complete,2024-02-22 04:57:00,2024-02-22 04:57:00
39,AXS,AXS Customer Transaction - V2,"AXS Customer File Import (Import)
AXS Historical Customer Transactions
NewContactsToAppend
AXS_Order_Contact_Append_Customer_Master
AXS_Order_Contact_Update_Customer_Master
AXS Pre Admission Detail
AXS Admission Detail
AXS Admission Detail Set Status
AXS Order Contact Total - Ongoing - Insert
AXS Order Contact Total - Ongoing - Update
AudienceView Customer Type - Ongoing
Two Show Nights
Add Early Show to Tickets
Order_Event_Prefix
Datorama - Non DG-OG
Datorama - AudienceView DG-OG
Datorama - AudienceView Automatic (Extract)
Datorama - AudienceView Automatic (Transfer)
Run Purchaser Consolidation Automation (Script)",Active File Drop,--,Complete,2024-02-22 07:06:00,2024-02-22 07:06:00
40,Marketing/Backups,Backup of Customer Master Daily,"Create Master Customer Backup - Full Overwrite - Daily
OEG_Customer_Master_Backup (Extract)
OEG_Customer_Master_Backup (Transfer)",Scheduled,2024-02-23 04:00:00,Complete,2024-02-22 04:07:00,2024-02-22 04:07:00
41,Marketing/Backups,Backup of Customer Master Hourly,Create Master Customer Backup - Full Overwrite - Hourly,Paused Schedule,--,Complete,2023-01-23 18:06:00,2023-01-23 18:50:00
42,Marketing/Backups,Backup of Customer Master Monthly,Create Master Customer Backup - Full Overwrite - Monthly,Scheduled,2024-03-01 00:02:00,Complete,2024-02-01 00:07:00,2024-02-01 00:07:00
43,Marketing/Backups,Backup of Customer Master Weekly,Create Master Customer Backup - Full Overwrite - Weekly,Scheduled,2024-02-25 22:00:00,Complete,2024-02-18 22:02:00,2024-02-18 22:02:00
44,Marketing/Backups,Backup of Forms and Sweeps,"Forms_And_Sweeps_Backup
Manual_Forms_and_Sweeps_Backup
Backup_Contact_Us",Scheduled,2024-02-23 00:00:00,Complete,2024-02-22 00:07:00,2024-02-22 00:07:00
45,Marketing/Backups,Backup of Forms and Sweeps Weekly,"Backup Forms Weekly
Manual_Forms_and_Sweeps_Backup_Weekly
Backup_Contact_Us_Weekly",Scheduled,--,Complete,2024-02-01 09:59:00,2024-02-01 09:59:00
46,Marketing/Backups,Backup of Rex Direct,Backup Rex Direct,Scheduled,2024-02-23 00:00:00,Complete,2024-02-22 00:01:00,2024-02-22 00:01:00
47,MC_Activity,Bad Domains,Bounces_Bad_Domain,Scheduled,2024-02-28 03:00:00,Complete,2024-02-21 03:00:00,2024-02-21 03:00:00
48,,BlueCore,"BlueCore Optin OptOut
BlueCore Data Extract (Extract)
BlueCore OptIn Out File Transfer (Tranfer)",Ready,--,,--,2020-12-31 08:28:00
49,Brokers,Brokers Email Domain,"Broker Designation
Broker Designation 2
Broker Designation 3
Broker Designation 4
Broker Designation 5
Broker Designation 6",Scheduled,--,Complete,2024-02-16 17:26:00,2024-02-16 17:26:00
50,One Time Requests,Category 10 Newsletter Subscribers,Category_10_Subs_Pull,Paused Schedule,--,Complete,2024-02-02 11:49:00,2024-02-02 12:49:00
51,Journeys/Category 10,Category 10 Welcome Journey,"Category 10 Welcome Journey - Sync to Master
Category 10 Welcome Journey Expired
Category 10 Welcome Journey Remove Users (Script)
Category 10 Welcome Journey - Forms
Category 10 Welcome Journey - WiFi
Category 10 Welcome Journey - Manual Uploads and Uncategorized
Category 10 Photobooth Welcome
Category 10 Welcome Journey - Retail POS
Category 10 Welcome Journey - Shows",Running,2024-02-22 12:00:00,,--,2024-02-22 11:01:00
52,Marketing,Celebration Package Journey,"delete all celebration
Celebration_Package_Journey
Celebrate_Future
celebrate.csv (Extract)
celebrate.csv (Transfer)",Scheduled,2024-02-23 09:30:00,Complete,2024-02-22 09:34:00,2024-02-22 09:34:00
53,Journeys/Ryman,Clear Ryman Arrival DEs,"Clear Ryman Arrival Journey DE 1 Day
Clear Ryman Arrival Journey DE 7 Day",Scheduled,2024-02-22 23:30:00,Complete,2024-02-21 23:31:00,2024-02-21 23:31:00
54,Domain Generation/Artist,Combine Artist Info,combine_artist_info,Scheduled,,,,
55,Domain Generation/Lead Gen,Consolidate Lead Gen DE's,"combine_info_walled_data
combine_lead_gen_data",Scheduled,2024-02-25 04:00:00,Complete,2024-02-21 10:56:00,2024-02-21 11:00:00
56,Marketing,Contact and Forms Existing Customer Fix,"Contact Existing Customer Fix
Forms Existing Customer Fix",Scheduled,2024-02-23 07:30:00,Complete,2024-02-22 07:31:00,2024-02-22 07:31:00
57,Contact Form Notifications,Contact_Us_Opry,"Contact_Us_Opry
PARENT_Contact_Us_Opry_Notification_Email
Contact_Us_Opry (Script)",Scheduled,2024-02-22 11:30:00,Complete,2024-02-22 10:35:00,2024-02-22 10:35:00
58,Contact Form Notifications,Contact_Us_Ryman,"Contact_Us_Ryman
PARENT_Contact_Us_Ryman_Notification_Email
Contact_Us_Ryman (Script)",Scheduled,,,,
59,PowerBI Reporting,copy ecommerce_purchasers,"ecommerce_purchasers_pbi
ecommerce_purchasers_pbi (Extract)
ecommerce_purchasers_pbi (Transfer)",Ready,--,Complete,2024-01-18 09:20:00,2024-01-18 09:20:00
60,One Time Requests,Create Acxiom DE,Create Acxiom Data Extension (Script),Ready,--,,--,2020-10-02 21:51:00
61,Datorama,Cross Sell Analysis - AXS,"Opry Show Upsell - Step 1
Opry Tour Cross - Step 2
Opry show upsell and Tour Cross - Step 3
Distinct Cross Tours - Step 4
Add Non-Cross Tours - Step 5
Opry Show and Tour Reset - Step 5.5
Ryman Tour Cross - Step 6
Opry Show Upsell and Tour and Ryman Tour - Step 7
Ryman Cross Distinct - Step 8
Add Non-Cross Ryman- Step 9
Opry Show and Tour and Ryman Tour Reset - Step 9.5
Ryman Show Add - Step 10
Opry Show and Tour and Ryman Show and Tour - Step 11
Ryman Show Cross Distinct - Step 12
Add Non-Cross Ryman Show - Step 13
Opry and Ryman Reset - Step 13.5
OR Visit Add - Step 14
Opry Ryman and OR - Step 15
OR Distinct Visit - Step 16
Add Non-Cross OR- Step 17
Final Reset - Step 18
add retail cross - step 19
OR Ryman Opry Retail - step 20
distinct retail - step 21
Add Non-Cross retail- Step 22
Complete Reset - Step 24
crosssell to dato
Cross Sell to Dato (Extract)
Cross Sell to Dato (Tranfer)",Scheduled,--,Complete,2024-02-22 01:23:00,2024-02-22 10:00:00
62,Marketing,Customer Spend,"Lifetime Retail Spend
Parking_Purchasers_2016_To_Date
OHBS_Purchasers_2016_To_Date
POST_Purchasers_2016_To_Date
BTC_Purchasers_2016_To_Date
VIP Purchases 2016 To Date
Opry_Show_Purchasers_2016_To_Date
RPST Purchasers_2016_to_date
RYMM Purchasers 2016_to_date
RYBS Purchaser 2016_To_Date
RYCT Purchasers 2016 to Date
Lifetime Event Spend
Total_Spend
Total Spend to Master
All Ryman Tour Purchasers
All Opry Ticket Purchasers
All ACL Tour Purchasers
All Ole Red Visitors
All Ole Red Visitors
All Ryman Tour Purchasers - Save to DE
All Ryman Show Purchasers - Save to DE
All ACL Tour Purchasers - Save to DE
All Ryman Show Purchasers
All ACL Show Purchasers
All Ryman Retail Purchasers
All Opry Retail Purchasers
All Ryman Purchasers
All Opry Purchasers
All ACL Purchasers
All Ole Red Visitors Final
crossover to dato
Purchase Cross to Dato (Extract)
ryman_datorama_ryman_crossover.csv (Transfer)
Opry_Product_Breakout
Ryman_Product_breakout_to_dato
or_visitor_breakout_to_dato
Product_Breakout_to_Dato (Extract)
product_breakouts_to_dato (Transfer)",Scheduled,2024-02-23 04:30:00,Complete,2024-02-22 04:52:00,2024-02-22 04:52:00
63,Marketing,Database Cleanup,"	USA Country Code Cleanse
	Country Cleanse
	Country_Lookup
State_Lookup
City_Lookup
Source Cleanup
Ole Red Preference Catch Up
Preference Catch Up
Set Global OR Preference Flag
Modified Date Catch Up
Created Date Catch Up
UpperLower Case Name Fix
Remove Preferences for Opt-Outs
Fix Null Preferences
Fix Missing Unsub Dates
Pop Up Form Name Fix",Scheduled,2024-02-23 05:30:00,Complete,2024-02-22 05:42:00,2024-02-22 05:42:00
64,Datorama,Datorama - AudienceView,"Datorama - Non DG-OG
Datorama - AudienceView DG-OG
Datorama - AudienceView (Extract)
Datorama - AudienceView (Transfer)
Forwards and Resale
Datorama - Forwards and Resale (Extract)
Datorama - Forwards and Resale (Transfer)",Running,2024-02-22 12:00:00,,--,2024-02-22 11:01:00
65,Datorama,Datorama - Email Activity,"Datorama - Email Activity (Extract)
Datorama - Email Activity (Transfer)",Scheduled,2024-02-23 03:00:00,Complete,2024-02-22 03:01:00,2024-02-22 03:01:00
66,Datorama,Datorama - Forms and Sweepstakes,"Forms and Sweeps Combined
Forms and Sweeps Combined Second Step
Forms and Sweeps Reporting Share Unique Entries
Forms and Sweeps Reporting Share All Entries
Forms and Sweeps Reporting Share
Forms_And_Sweeps_Reporting (Extract)
Forms_And_Sweeps_Reporting (Transfer)",Running,2024-02-22 12:00:00,,--,2024-02-22 11:00:00
67,Datorama,Datorama - Subscriber Reporting,"Datorama Reporting
OEG Consolidated Reporting (Extract)
OEG Consolidated Reporting (Transfer)
Datorama - Retail Rep
Datorama - Retail Rep (Extract)
Datorama - Retail Rep (Transfer)
Datorama - Subscriber Reporting - Preference and Status
Datorama - Subscriber Reporting - Preference by Location
Datorama - Subscriber Reporting - Unsubscribed
Datorama - Subscriber Reporting - Last Visit
Datorama - Subscriber Reporting - Preference and Status (Extract)
Datorama - Subscriber Reporting - Preference and Status (Transfer)
Datorama - Subscriber Reporting - Preference by Location (Extract)
Datorama - Subscriber Reporting - Preference by Location (Transfer)
Datorama - Subscriber Reporting - Unsubscribed (Extract)
Datorama - Subscriber Reporting - Unsubscribed (Transfer)
Datorama - Subscriber Reporting - Last Visit (Extract)
Datorama - Subscriber Reporting - Last Visit (Transfer)",Scheduled,2024-02-23 04:00:00,Complete,2024-02-22 04:25:00,2024-02-22 04:25:00
68,OESP,December OESP,"Nashville_ACLRyman_December_LY
Nashville_Opry_December_LY
TNRegion_ACLRyman_December_LY
ACLRyman_December_LY
TNRegion_Opry_December_LY
National_Opry_December_LY",Paused Schedule,--,,--,2023-04-25 13:57:00
69,Delete From All Contacts,Delete Testers,"Delete Testers From Forms and Sweeps (Script)
Delete Testers From All Contacts (Script)
Delete Testers From Contact Us (Script)
Delete Testers from OR Welcome (Script)
Delete from Ryman Welcome (Script)
Delete from Opry Welcome (Script)
Delete from Opry Purchase (Script)
Delete from RPJ (Script)
Find Users to Delete",Scheduled,2024-02-22 23:00:00,Complete,2024-02-21 23:05:00,2024-02-21 23:05:00
70,Journeys,Ecomm Buyer Journey,"Ecomm Purchase Journey Remove (Script)
ecomm_buyer_journey
ecomm_buyer_journey_exclusion",Scheduled,,,,
71,PowerBI Reporting,ecommerce_purchasers,"ecommerce_purchasers_pbi
ecommerce_purchasers_pbi (Extract)
ecommerce_purchasers_pbi (Transfer)",Paused Schedule,--,Complete,2024-01-17 17:36:00,2024-01-18 09:08:00
72,PowerBI Reporting,Email Clicks Export for PBI,"Email Clicks (Extract)
Email Clicks (Transfer)",Scheduled,2024-02-23 00:00:00,Complete,2024-02-22 00:02:00,2024-02-22 00:02:00
73,Exclusions,Email Sends to Monthly,create_email_freq_monthly_de,Scheduled,,,,
74,,February OESP,"Nashville_Opry_February_LY
Nashville_ACLRyman_February_LY
TNRegion_ACLRyman_February_LY
TNRegion_Opry_February_LY
National_Opry_February_LY
National_ACLRyman_February_LY",Paused Schedule,--,,--,2023-04-25 13:40:00
75,One Time Requests,Fix First OEG Source Typos,Fix_First_Source_Typos_AllContacts,Ready,--,Complete,2024-01-29 11:36:00,2024-01-29 11:36:00
76,One Time Requests,Generate Email List for Alert Date,interested_email_list_for_ticket_alerts,Ready,--,Complete,2024-02-01 15:48:00,2024-02-01 15:48:00
77,Marketing/Recommendations,Genre_Affinity_All_Purchasers,"Order_All_Purchases_Fror_Recommendations
Latest_Purchase
Purchase_Event_Genre
Group_Events_Genre_Contact
Count_Events
Tag_Multishow
List_Genres
Genre_Affinity_All_Purchasers
Purchase_Event_SubGenre
Group_Events_SubGenre_Contact
Count_Events_SubGenre
Tag_Multishow_SubGenre
List_SubGenres
SubGenre_Affinity_All_Purchasers
Purchaser_Genre_Affinity_Reorder
add_expressed_genre_step_1
add_expressed_genre",Scheduled,2024-02-23 04:30:00,Complete,2024-02-22 04:53:00,2024-02-22 04:53:00
78,Marketing,Get Details of 3TEN and ACL Customers without Brokers,3Ten_ACL_Customer_Details_Fetch_No_Brokers_Update,Paused Schedule,--,Complete,2023-11-02 13:56:00,2023-11-06 16:41:00
79,Marketing,Identify Country Duos,Country Duo Order Numbers,Scheduled,2024-02-23 04:30:00,Complete,2024-02-22 04:30:00,2024-02-22 04:30:00
80,All Contacts Cleanup,Invalid_Country_Code,Invalid_Country_Code,Ready,--,Complete,2023-01-23 20:26:00,2023-01-23 20:38:00
81,All Contacts Cleanup,Invalid_Mobile_Phone,"Invalid_Mobile_Phone_1
Invalid_Mobile_Phone_2
Invalid_Mobile_Phone_3",Scheduled,2024-02-22 11:15:00,Complete,2024-02-22 10:17:00,2024-02-22 10:17:00
82,OESP,January OESP,"Nashville_Opry_January_LY
Nashville_ACLRyman_January_LY
TNRegion_ACLRyman_January_LY
TNRegion_Opry_January_LY
National_Opry_January_LY
National_ACLRyman_January_LY",Paused Schedule,--,Complete,2024-01-16 15:07:00,2024-01-16 15:07:00
83,OESP,July OESP,"Nashville_Opry_July_LY
Nashville_ACLRyman_July_LY
TNRegion_ACLRyman_July_LY
TNRegion_Opry_July_LY
National_Opry_July_LY
National_ACLRyman_July_LY",Paused Schedule,--,,--,2023-04-25 13:49:00
84,OESP,June OESP,"Nashville_Opry_June_LY
Nashville_ACLRyman_June_LY
TNRegion_ACLRyman_June_LY
TNRegion_Opry_June_LY
National_Opry_June_LY
National_ACLRyman_June_LY",Paused Schedule,--,,--,2023-04-25 13:47:00
85,,LastFM Automation,LastFM Data Import,Inactive File Drop,--,Error,2024-01-09 10:51:00,2024-01-09 10:51:00
86,,LiveRamp VML,"LiveRamp_WSM Email
LiveRamp_Ole Red Email
LiveRamp_Ryman Email
LiveRamp_Opry Email
LiveRamp_Ryman Self Tour
LiveRamp_Ryman Guided Tour
LiveRamp_Opry Tour Purchasers
LiveRamp_Opry Show Purchasers",Scheduled,2024-03-04 00:00:00,Complete,2024-02-05 00:05:00,2024-02-05 00:05:00
87,Marketing,Local to (All Users),Local to All Users,Scheduled,2024-02-25 00:00:00,Complete,2024-02-18 00:01:00,2024-02-18 00:01:00
88,Marketing,Local To (New Users),Local To New Users,Scheduled,2024-02-23 01:30:00,Complete,2024-02-21 01:30:00,2024-02-21 01:30:00
89,Magento,Magento Customer Import,"Magento Customer Data for Staging (Import)
Magento Customer Update Customer Master
Magento Customer TO ALL",Active File Drop,--,,--,2022-09-12 14:20:00
90,Magento,Magento Transaction,"Magento Transaction Data for Staging (Import)
Magento Transaction
Magento Transaction Update Customer Master",Active File Drop,--,,--,2022-12-14 16:46:00
91,Legacy Systems,Mandolin Processing,"Process All Mandolin Transactions
Mandolin Process New
Mandolin Process New Records to customer master
Mandolin Process Prior",Ready,--,,--,2021-12-22 15:11:00
92,One Time Requests,Manual Forms and Sweeps Backfill,"backfill_manual_f&s_from_allContacts
Photobooth staging to forms and sweeps",Ready,,,,
93,AXS,Manual Load - AXS Customer Transaction,"Manual AXS Customer File Import (Import)
AXS Historical Customer Transactions
NewContactsToAppend
AXS_Order_Contact_Append_Customer_Master
AXS_Order_Contact_Update_Customer_Master
AXS Pre Admission Detail
AXS Admission Detail
AXS Admission Detail Set Status
AXS Order Contact Total - Ongoing - Insert
AXS Order Contact Total - Ongoing - Update
AudienceView Customer Type - Ongoing
Two Show Nights
Add Early Show to Tickets
Order_Event_Prefix
Datorama - Non DG-OG
Datorama - AudienceView DG-OG
Datorama - AudienceView (Extract)
Datorama - AudienceView (Transfer)",Ready,--,Complete,2023-12-27 09:45:00,2024-01-09 10:48:00
94,OESP,March OESP,"Nashville_Opry_March_LY
Nashville_ACLRyman_March_LY
TNRegion_ACLRyman_March_LY
TNRegion_Opry_March_LY
National_Opry_March_LY
National_ACLRyman_March_LY",Paused Schedule,--,,--,2023-04-25 13:42:00
95,,Master Artist Data,"Master_Artist_1
Master_Artist_2
Master Artist List (Extract)
Master Artist List (Transfer)",Scheduled,2024-02-23 06:00:00,Complete,2024-02-22 06:06:00,2024-02-22 06:06:00
96,OESP,May OESP,"Nashville_Opry_May_LY
Nashville_ACLRyman_May_LY
TNRegion_ACLRyman_May_LY
TNRegion_Opry_May_LY
National_Opry_May_LY
National_ACLRyman_May_LY",Paused Schedule,--,,--,2023-04-25 13:45:00
97,MC_Activity,MC Activity,"Sent
Open
Click
Status
Most recent Unsubscribe
Send 2_0 to Master Bottom 50%
Send 2_0 to Master Top 50%
Open 2_0 To Master Bottom 50%
Open 2_0 To Master Top 50%
Click 2_0 to Master Bottom 50%
Click 2_0 to Master Top 50%
Status 2_0 to Master
Unsubscribe Sync to Customer Master
Fix Status",Scheduled,2024-02-23 04:00:00,Error,2024-02-22 04:22:00,2024-02-22 04:22:00
98,Marketing/Visitation,Most Recent Visit,"Sweeps_ORN
Sweeps_ORG
Sweeps_ORT
Sweeps_ORO
retail_ryman_visit
retail_oro_visit
retail_ort_visit
retail_org_visit
retail_orn_visit
retail_opry_visit
TM_Opry
TM_Ryman
AV_Ryman
AV_Opry
AV_ORN
AV_ORG
AV_ORT
AV_ORO
MPC_ORO
MPC_Ryman
MPC_ORT
MPC_ORG
MPC_Opry
MPC_ORN
AV_Opry_Visit
AV_Ryman_Visit
AV_ORN_Visit
AV_ORG_Visit
AV_ORT_Visits
AV_ORO_Visits
TM_Opry_Visit
TM_Ryman_Visit
Retail_Opry_Visitation
Retail_Ryman_Visitation
retail_orn_visitation
Retail_org_visitation
Retail_ORT_Visitation
Retail_ORO_Visitation
MPC_Opry_Visit
Ryman_MPC_Visit
MPC_ORN_Visit
MPC_ORG_Visit
MPC_ORT_Visit
MPC_ORO_Visit
Sweeps_ORN_Visit
Sweeps_ORG_Visit
Sweeps_ORT_Visit
Sweeps_ORO_Visit
Most_Recent_Opry_Visit
Most_recent_Ryman_Visit
ORN_Visit
ORG_Visit
ORT_Visit
ORO_Visit
ORN_Visit_Append
ORG Visit Append
ORT Visit Append
ORO Visit Append",Running,2024-02-22 12:00:00,,--,2024-02-22 11:01:00
99,,Move Shopify Data to Shared Location,"ShopifyCustomerData
ShopifyOrderData",Paused Schedule,--,Complete,2023-12-22 12:06:00,2023-12-22 12:20:00
100,MyPlace Connect,MyPlaceConnect Opry,"MyPlaceConnect - Grand OLE Opry (Import)
MyPlaceConnect Update Customer Master Opry
MyPlaceConnect Update Master Opry",Active File Drop,--,,--,2022-11-09 00:19:00
101,MyPlace Connect,MyPlaceConnect ORG,"MyPlaceConnect - Ole Red Gatlinburg (Import)
MyPlaceConnect Update Customer Master ORG
MyPlace Connect Update Master ORG",Active File Drop,--,,--,2022-11-09 00:10:00
102,MyPlace Connect,MyPlaceConnect ORN,"MyPlaceConnect - Ole Red Nashville (Import)
MyPlaceConnect Update Customer Master ORN
MyPlace Connect Update Master ORN",Active File Drop,--,,--,2022-11-09 00:10:00
103,MyPlace Connect,MyPlaceConnect ORO,"MyPlaceConnect - Ole Red Orlando (Import)
MyPlaceConnect Update Customer Master ORO
MyPlace Connect Update Master ORO",Active File Drop,--,,--,2022-11-09 00:11:00
104,MyPlace Connect,MyPlaceConnect ORT,"MyPlaceConnect - Ole Red Tishomingo (Import)
MyPlaceConnect Update Customer Maseter ORT
MyPlace Connect Update Master ORT",Active File Drop,--,,--,2022-11-09 00:13:00
105,MyPlace Connect,MyPlaceConnect Ryman,"MyPlaceConnect - Ryman Auditorium (Import)
MyPlaceConnect Update Customer Master Ryman
MyPlace Connect Update Master Ryman",Active File Drop,--,,--,2022-11-09 00:16:00
106,NetSuite,NetSuite,"NetSuite Staging Import (Import)
NetSuite_POS
NetSuite Update Customer Master",Active File Drop,--,Complete,2023-10-02 02:32:00,2023-10-02 02:32:00
107,NetSuite,NetSuite 2016 to date,"Import All records from POS (Import)
Netsuite Historical
Netsuite Ongoing",Scheduled,2024-02-23 08:00:00,Complete,2024-02-22 08:06:00,2024-02-22 08:06:00
108,NetSuite,NetsuitePOS_AllRecords,Update NetSuite_POS_AllRecords,Active File Drop,--,Complete,2024-02-22 03:32:00,2024-02-22 03:32:00
109,Marketing/Visitation,Next Visit,"TM Ryman Next Visit
	TM Opry Next Visit
AV Ryman Next Visit
AV Opry Next Visit
AV ORN Next Visit
AV ORG Next Visit
AV ORT Next Visit
AV ORO Next Visit
Clear Next Opry Visit
Next_Opry_Visit
Next_Ryman_Visit_Date",Scheduled,2024-02-22 11:30:00,Complete,2024-02-22 10:36:00,2024-02-22 10:36:00
110,OESP,November OESP,"Nashville_Opry_November_LY
Nashville_ACLRyman_November_LY
TNRegion_ACLRyman_November_LY
TNRegion_Opry_November_LY
National_Opry_November_LY
National_ACLRyman_November_LY",Paused Schedule,--,,--,2023-04-25 13:56:00
111,OESP,October OESP,"Nashville_Opry_October_LY
Nashvillle_ACLRyman_October_LY
TNRegion_ACLRyman_October_LY
TNRegion_Opry_October_LY
National_Opry_October_LY
National_ACLRyman_October_LY",Paused Schedule,--,,--,2023-04-25 13:54:00
112,Journeys/Ole Red,Ole Red Welcome Journey,"Ole Red Welcome Journey - Sync to Master
Ole Red Welcome Journey Expired
Ole Red Welcome Journey - Manual Uploads and Uncategorized
Ole Red Welcome Journey - Forms
Ole Red Welcome Journey - WiFi
Photobooth Welcome
Ole Red Welcome Journey - Retail POS
Ole Red Welcome Journey - Shows",Scheduled,2024-02-22 11:30:00,Complete,2024-02-22 10:38:00,2024-02-22 10:38:00
113,One Time Requests,One time 3CTC Update,"3CTC7
3CTC8
3CTC9
3CTC10
3CTC11
3CTC12
3CTC13
3CTC14
3CTC15
3CTC16
3CTC17
3CTC18
3CTC19
3CTC20
3CTC21
3CTC22
3CTC23
3CTC24
3CTC25
3CTC26
3CTC27
3CTC28
3CTC29
3CTC30
3CTC31
3CTC32
3CTC33
3CTC34
3CTC35
3CTC36",Ready,--,Complete,2023-11-03 16:42:00,2023-11-03 16:42:00
114,One Time Requests,One Time Manual Forms_and_Sweeps Correction,Forms_and_Sweeps_Manual_Upload_05052023Correction (Import),Ready,--,Complete,2023-05-05 16:16:00,2023-05-05 16:16:00
115,One Time Requests,One Time Manual Photobooth,"Photobooth Import (Import)
Photobooth Staging
Photobooth Update Allcontacts
Photobooth Archive
delete photobooth from fas
Photobooth staging to forms and sweeps",Ready,--,Complete,2023-09-18 13:43:00,2023-09-18 13:43:00
116,AudienceView,Opry & Ryman Tours (No PII),opry_ryman_tours_no_pii,Scheduled,,,,
117,Journeys/Opry,Opry 10 Day Prior Email,Opry 10 Day Prior Email,Scheduled,2024-02-23 11:00:00,Error,2024-02-22 11:00:00,2024-02-22 11:00:00
118,Data Factory Utility Automations,Opry Entertainment Group-645-520000018-PSHist#01,,Ready,--,,--,2023-05-24 11:15:00
119,Data Factory Utility Automations,Opry Entertainment Group-645-520000018-PSHist#02,,Ready,--,Complete,2023-05-24 11:19:00,2023-05-24 11:19:00
120,Data Factory Utility Automations,Opry Entertainment Group-645-520000018-PSMain,,Scheduled,2024-02-22 13:15:00,Complete,2024-02-21 13:25:00,2024-02-21 13:25:00
121,Journeys/Opry,Opry Journeys,"Sync Opry Welcome Dates to Master
Opry Show Upsell
Opry Tour Upsell
Events Sold Out Opry
Opry Welcome Journey Expired
Opry Welcome Journey - Manual Uploads and Uncategorized
Opry Welcome Journey - Web Forms and Sweeps
Opry Welcome Journey - WiFi
Opry Welcome Journey - Retail Ecomm Only
Opry Welcome Journey - Retail POS Only
Updating 3 Attributes from All contacts Step 1 to welcome
Opry Purchase Journey Expired
Opry Pre Journey Expired
Opry Post Expired
Opry Post Expired DE
Opry Pre Arrival Journey Remove (Script)
Opry Pre Arrival Matrix Remove (Script)
Opry Purchase Journey Remove Users (Script)
Opry Purchase Matrix Remove (Script)
Opry Post Journey Remove (Script)
Opry Post Matrix Remove (Script)
Opry Post Matrix removal
Opry Pre-Arrival Journey
Opry Purchase Journey
Opry Post Show Journey
Opry Pre-Arrival Matrix
Opry Purchase Journey Matrix
Opry Post Show Matrix
Pre Arrival Matrix - RYBS
Pre Arrival Matrix - RYMM
Product Matrix Update - RYMM
Opry Purchase Matrix - RYBS
Opry Post Matrix - RYMM
Opry Post Matrix - RYBS
Opry Purchase URL
Opry Purchase Matrix URL
Opry Arrival URL
Opry Arrival Matrix URL
Opry Post URL
Opry Post Matrix URL
Purchase Sold Out
Purchase Matrix Sold Out
Arrival Sold Out
Arrival Matrix Sold Out
Purchase Matrix Missing URL Clean-Up
Arrival Matrix Missing URL Clean-Up
Updating 3 Attributes from All contacts Step 1
Opry Arrival Audit
Opry Post Audit
Opry Purchase Audit",Scheduled,2024-02-22 11:30:00,Complete,2024-02-22 10:42:00,2024-02-22 10:42:00
122,Journeys/Opry,Opry Matrix 1 Day,"Opry Arrival Journey 1 day
Opry Arrival Matrix 1 day
Updating Attributes 1 day from All contacts Step 1",Scheduled,2024-02-22 11:45:00,Complete,2024-02-22 10:46:00,2024-02-22 10:46:00
123,Journeys/Opry,Opry Matrix 10 days,"Opry Arrival Journey 10 days
Opry Arrival Matrix 10 days
Updating Attributes 10 days from All contacts Step 1",Scheduled,2024-02-22 11:45:00,Complete,2024-02-22 10:46:00,2024-02-22 10:46:00
124,Journeys/Opry,Opry Matrix 7 Days,"Opry Arrival Journey 7 days
Opry Arrival Matrix 7 days
Updating Attributes 7 days from All contacts Step 1",Paused Schedule,--,,--,2023-07-26 08:42:00
125,Journeys/Opry,Opry Repeat Journey Daily Run,"Remove from Repeat
Remove from Repeat Staging
Remove from Repeat Application
Repeat Visitor journey Remove purchasers",Scheduled,2024-02-23 00:30:00,Complete,2024-02-22 00:34:00,2024-02-22 00:34:00
126,Journeys/Opry,Opry Repeat Journey Monthly Run,"Opry Show Repeat Visit
Opry Tour Repeat Visit
Opry Show Repeat Visit - without tour
Opry Tour Repeat Visit - without show
Ryman Tour Repeat Visit
Ole Red Nash Repeat Visit
Opry Show and Tour Repeat Visit
Populate Repeat Journey
Populate repeat visitor archive
Find Repeats not on AllSubs
Repeats to All Subs (Extract)
Repeats to All Subs (Transfer)
Repeat Visit to All Subs (Import)",Scheduled,2024-03-05 01:30:00,Complete,2024-02-13 10:23:00,2024-02-13 10:23:00
127,,Opry_Photo_Package_AllContacts_Update,"Opry_Photo_Package (Import)
Opry_Photo_Package_AllContacts_Update",Active File Drop,--,Complete,2024-02-15 08:36:00,2024-02-15 08:36:00
128,Journeys/Opry,Opry-90 day-event-ticket-alert,Opry-90 day-event-ticket-alert,Scheduled,2024-02-23 09:00:00,Complete,2024-02-22 09:00:00,2024-02-22 09:00:00
129,One Time Requests,Photobooth Backfill,"Photbooth Backfill (Import)
Photobooth_Backfill_to_Staging",Ready,--,Complete,2024-01-10 12:33:00,2024-01-10 12:33:00
130,Photobooth,Photobooth Processing,"Photobooth Import (Import)
Photobooth Staging
Photobooth Update Allcontacts
Photobooth Archive
Photobooth staging to forms and sweeps",Active File Drop,--,Complete,2024-02-08 14:41:00,2024-02-08 14:41:00
131,Brokers,Potential Brokers,identify_potential_brokers,Scheduled,2024-02-25 00:00:00,Complete,2024-02-18 00:00:00,2024-02-18 00:00:00
132,Domain Generation/Purchaser,Purchaser Consolidation,"ticket_purchaser_first_and_last_dates
retail_purchasers_first_and_last_purchase_dates
combine_all_retail_purchases
combine_all_ticket_purchases
combine_first_and_last_purchasers
combine_all_purchasers
Populate_retail_purchasers_shared
Populate_ticket_purchasers_shared",Scheduled,--,Complete,2024-02-08 12:51:00,2024-02-08 12:51:00
133,Ready Pay,Ready Pay Optins,"Ready Pay Import (Import)
Ready_Pay_Optins
Ready Pay Update to AllContacts_Step1",Active File Drop,--,Complete,2023-06-12 09:38:00,2023-06-12 09:38:00
134,Datorama,Repeat Purchaser,"Opry Show Repeaters
Opry_Tour_Repeaters
Ryman_Show_Repeaters
Ryman_Tour_Repeaters
Repeaters_to_Dato(Extract)
Repeaters_to_dato (Transfer)",Scheduled,2024-02-23 04:00:00,Complete,2024-02-22 04:09:00,2024-02-22 04:09:00
135,Marketing,Restore Yesterdays Manual Forms and Sweeps,Restore Yesterdays Manual Forms and Sweeps,Ready,--,Complete,2024-01-03 13:06:00,2024-01-03 13:09:00
136,Rex Direct,Rex Direct,"REX Direct Import (Import)
Rex Direct Staging
Rex Direct Standard Input
Rex Direct Share",Active File Drop,--,Complete,2024-02-22 04:07:00,2024-02-22 04:07:00
137,One Time Requests,Rex Direct Purchaser Pull,Rex_Direct_Purchaser_Pull,Ready,--,Complete,2024-01-05 09:05:00,2024-01-05 09:05:00
138,Rex Direct,Rex Purchasers,Rex_Direct_Purchaser_Pull,Scheduled,,Complete,2024-04-15 14:35:00,2024-04-15 14:35:00
139,Rex Direct,Rex Reporting,"Rex reporting (Extract)
Rex reporting (Transfer)",Scheduled,2024-02-22 13:00:00,Complete,2024-02-21 13:00:00,2024-02-21 13:00:00
140,One Time Requests,Run Activities Manually,,Ready,--,Complete,2024-02-21 09:12:00,2024-02-21 09:48:00
141,,Ryman Lounge Count Queries ,"Ryman Lounge Count Per Day
Ryman_Day_0_Lounge_Count",Scheduled,2024-02-23 07:00:00,Complete,2024-02-22 07:02:00,2024-02-22 07:02:00
142,Marketing/Recommendations,Ryman Newsletter Show Recommendation,"Clear Ryman Show Reco
Ryman_Reco_Already_Bought
Ryman Newsletter Show Recommendation 1
Ryman Newsletter Show Recommendation 2
Ryman Newsletter Show Recommendation 3
Ryman Newsletter Show Recommendation - High Level 1
Ryman Newsletter Show Recommendation - High Level 2
Ryman Newsletter Show Recommendation - High Level 3
Ryman Newsletter Show Recommendation - High Level 2.2
Ryman Newsletter Show Recommendation - High Level 3.2
Ryman Newsletter Show Recommendation - High Level 2.3
Ryman Newsletter Show Recommendation - High Level 3.3
Ryman Newsletter Show Recommendation - High Level 3.4
Ryman Newsletter Show Recommendation - High Level 2.4
Ryman Newsletter Show Recommendation Expressed 1
Ryman Newsletter Show Recommendation Expressed 2
Ryman Newsletter Show Recommendation Expressed 3
Ryman Newsletter Show Recommendation - No Genre Match
Ryman Newsletter Show Recommendation 1 - Fall Back
Ryman Newsletter Show Recommendation 2 - Fall Back
Ryman Newsletter Show Recommendation 3 - Fall Back",Scheduled,2024-02-23 05:30:00,Complete,2024-02-22 05:43:00,2024-02-22 05:43:00
143,Marketing/Recommendations,Ryman Newsletter V2,"Newsletter Ryman v2
Ryman_Reco_Already_Bought
Ryman Newsletter Show Recommendation 1
Ryman Newsletter Show Recommendation 2
Ryman Newsletter Show Recommendation 3
Ryman Newsletter Show Recommendation - High Level 1 V2
Ryman Newsletter Show Recommendation - High Level 2 V2
Ryman Newsletter Show Recommendation - High Level 3 V2
Ryman Newsletter Show Recommendation - High Level 2.2 V2
Ryman Newsletter Show Recommendation - High Level 3.2 V2
Ryman Newsletter Show Recommendation - High Level 2.3 V2
Ryman Newsletter Show Recommendation - High Level 3.3 V2
Ryman Newsletter Show Recommendation - High Level 3.4 V2
Ryman Newsletter Show Recommendation - High Level 2.4 V2
Ryman Newsletter Show Recommendation - No Genre Match V2
Ryman Newsletter Show Recommendation 1 - Fall Back V2
Ryman Newsletter Show Recommendation 2 - Fall Back V2
Ryman Newsletter Show Recommendation 3 - Fall Back V2",Paused Schedule,--,Complete,2024-02-02 05:44:00,2024-02-02 11:04:00
144,Journeys/Ryman,Ryman Post Journey,"Remove From Ryman Post Journey
Ryman Post Journey Removal Staging
Ryman Post Journey Removal Application
Ryman Post Matrix Removal Staging
Ryman Post Journey Matrix Removal Application
Ryman Post Journey
Ryman Post Matrix
Ryman Post Matrix - GOOS
Ryman Post Matrix - OHBS
Ryman Sold Out
Ryman Post Matrix Flag PLP
Ryman Post Matrix Email Attributes
Ryman Post Show Rec 1
Ryman Post Show Rec 2
Ryman Post Show Rec 3
Ryman Post Show Rec High Level 1
Ryman Post Show Rec High Level 2
Ryman Post Show Rec High Level 3
Ryman Post Show Rec Fallback 1
Ryman Post Show Rec Fallback 2
Ryman Post Show Rec Fallback 3
Ryman Post Audit
Ryman Post Matrix - Update Rec Order
Updating 3 Attributes from All contacts Step 2",Scheduled,2024-02-23 08:30:00,Complete,2024-02-22 08:41:00,2024-02-22 08:41:00
145,Journeys/Ryman,Ryman Pre Arrival 1 day,"Ryman Pre Arrival 1 day
Ryman Arrival Matrix 1 day
Updating 1 Day Arrival Rymanweb SMS Optin Attribute",Paused Schedule,--,Complete,2023-10-04 05:07:00,2023-10-04 13:49:00
146,Journeys/Ryman,Ryman Pre Arrival 10 days,"Ryman Pre Arrival 10 day
Ryman Arrival Matrix 10 day
Updating 10 Day Arrival Rymanweb SMS Optin Attribute",Scheduled,2024-02-23 06:00:00,Complete,2024-02-22 06:06:00,2024-02-22 06:06:00
147,Journeys/Ryman,Ryman Pre Arrival 7 days,"Ryman Pre Arrival 7 day
Ryman Arrival Matrix 7 day
Updating 7 Day Arrival Rymanweb SMS Optin Attribute",Scheduled,2024-02-23 06:00:00,Complete,2024-02-22 06:06:00,2024-02-22 06:06:00
148,Journeys/Ryman,Ryman Pre-Arrival Journey,"Clear Ryman Arrival Journey DE 1 Day
Clear Ryman Arrival Journey DE 7 Day
Ryman Arrival Journey
Ryman Arrival Journey 7 Day
Ryman Arrival Matrix
Ryman Arrival Matrix 7 Day
Ryman Arrival Matrix - GOOS
Ryman Arrival Matrix - GOOS 7 Day
Ryman Arrival Matrix - OHBS
Ryman Arrival Matrix - OHBS 7 Day
Ryman Sold Out
Ryman Arrival Matrix Flag PLP
Ryman Arrival Matrix Flag PLP 7 Day
Ryman Arrival Matrix Email Attributes
Ryman Arrival Matrix Email Attributes 7 Day
Ryman Arrival Show Recommendation 1
Ryman Arrival Show Recommendation 1 7 Day
Ryman Arrival Show Recommendation 2
Ryman Arrival Show Recommendation 2 7 Day
Ryman Arrival Show Recommendation 3
Ryman Arrival Show Recommendation High Level 1 7 Day
Ryman Arrival Show Recommendation High Level 2
Ryman Arrival Show Recommendation High Level 2 7 Day
Ryman Arrival Show Recommendation High Level 3
Ryman Arrival Show Recommendation High Level 3 Day 7
Ryman Arrival Show Recommendation Fall Back 1
Ryman Arrival Show Recommendation Fall Back 1 7 day
Ryman Arrival Show Recommendation Fall Back 2
Ryman Arrival Show Recommendation Fall Back 2 7 Day
Ryman Arrival Show Recommendation Fall Back 3
Ryman Arrival Show Recommendation Fall Back 3 7 day
Attribute Audit Arrival
Attribute Audit Arrival 7 Day
Ryman Arrival Matrix - Update Rec Order
Ryman Arrival Matrix - Update Rec Order 7 Day
Updating 1 Day Arrival Rymanweb SMS Optin Attribute
Updating 7 Days Arrival Rymanweb SMS Optin Attribute",Scheduled,2024-02-23 09:00:00,Complete,2024-02-22 09:18:00,2024-02-22 09:18:00
149,Journeys/Ryman,Ryman Purchase and Welcome Journey,"Sync Ryman to Master
Ryman Show Upsell
Ryman Sold Out Events
Ryman Tour Upsell
Ryman Welcome Journey Expired
Remove Welcome Journey Expired (Script)
Ryman Welcome Journey - Web Forms and Sweeps
Ryman Welcome Journey - WiFi
Ryman Welcome Journey - Retail POS Only
Updating Ryman SMS Optin Status field
Ryman Purchase Journey Expired
Ryman Remove Purchase Journey (Script)
Ryman Remove Purchase Matrix (Script)
Ryman Purchase Journey
Ryman Purchase Journey Matrix
Ryman Purchase Matrix - GOOS
Ryman Purchase Matrix - OHBS
Ryman Sold Out
Ryman Purchase Journey Matrix Flag PLP
Ryman Purchase Journey Matrix Email Attributes
Ryman Purchase Show Recommendation 1
Ryman Purchase Show Recommendation 2
Ryman Purchase Show Recommendation 3
Show Purchase Recommendation High Level 1
Show Purchase Recommendation High Level 2
Show Purchase Recommendation High Level 3
Show Purchase Recommendation Fall Back 1
Show Purchase Recommendation Fall Back 2
Show Purchase Recommendation Fall Back 3
Attribute Audit Purchase
Ryman Purchase Matrix - Update Rec Order
RymanSMS",Running,2024-02-22 12:00:00,,--,2024-02-22 11:00:00
150,Ad Studio,Ryman Show No PLP,Ryman Purchase No PLP,Scheduled,2024-02-23 09:00:00,Complete,2024-02-22 09:01:00,2024-02-22 09:01:00
151,,Ryman_Photo_Package_AllContacts_Update,"Ryman_Photo_Package (Import)
Ryman_Photo_Package_AllContacts_Update",Active File Drop,--,Complete,2024-02-15 08:36:00,2024-02-15 08:36:00
152,OESP,September OESP,"TNRegion_Opry_September_LY
National_Opry_September_LY
National_ACLRyman_September_LY
TNRegion_ACLRyman_September_LY
Nashville_Opry_September_LY
Nashville_ACLRyman_September_LY",Paused Schedule,--,,--,2023-04-25 14:08:00
153,Marketing/List Generation,Shared DE List Generation...,"Opry Show No Purchase Last 120 Days
Opry Show No Purchase last 90 Days",Scheduled,2024-02-23 01:00:00,Complete,2024-02-22 01:01:00,2024-02-22 01:01:00
154,Sharing,Sharing,"TicketMaster_Sharing
NetSuite_Sharing
Axciom Data Sharing
Forms and Sweeps Reporting Share
AV Artist Lineup Share
Forms and Sweeps Share
Magento Share
Mandolin_Trans_Share
AudienceView_Order_Contact_Sharing
AudienceView_Order_Charges_Sharing
AudienceView_Order_Admission_Charges_Sharing
AudienceView_Order_Admission_Sharing
AudienceView_Misc_Items_Sales_Sharing
AudienceView_Misc_Item_Charges_Sharing
AudienceView_Events_Sharing
AudienceView_Customer_Type_Sharing
Seed Share
AudienceView_Ticket_Admission_Detail_Share
AudienceView_Cancelled_Orders_Share",Running,2024-02-22 14:00:00,,--,2024-02-22 11:00:00
155,Sharing/Shopify,Shopify Opt-ins,Shopify to Shopify Opt-Ins,Scheduled,2024-02-23 01:30:00,Complete,2024-02-22 01:30:00,2024-02-22 01:30:00
156,SMS,SMS_Delete_Duplicate_Contacts,"SMS_Delete_Duplicate_Contacts (Script)
SMS_Duplicate_Contacts_2of2 (Script)",Ready,--,Complete,2024-02-22 00:50:00,2024-02-22 00:50:00
157,,Spotify Automation,Spotify Data Import (Import),Active File Drop,--,,--,2024-01-22 16:44:00
158,All Contacts Cleanup,State and Coutry Auto Append,"City_Lookup
State_Lookup
Country_Lookup",Scheduled,2024-02-22 15:30:00,Complete,2024-02-15 15:33:00,2024-02-15 15:33:00
159,MC_Activity,Status Sync,"Status Sync to All Subscribers
Unsubscribes to All Subscribers (Extract)
Unsubscribes to All Subscribers (Transfer)
Unsubscribes to All Subscribers (Import)",Scheduled,2024-02-23 03:30:00,Complete,2024-02-22 03:34:00,2024-02-22 03:34:00
160,,Sweeps_Analysis,"axs_ecomm_data_pull
netsuite_pos_ecomm_data_pull
av_ecomm_data_pull
shopify_ecomm_data_pull
shopify_pos_ecomm_data_pull
magento_ecomm_data_pull
Sweep_Entrant_Purchase_Lifecycle
Ecomm_Purchaser_Profile_Overwrite",Scheduled,2024-02-25 00:00:00,Complete,2024-02-18 00:06:00,2024-02-18 00:06:00
161,Testing,Testing,"Update User Record
update forms and sweeps
Combine Aspire Data
update allcontacts with standard layout
Update Ticket Detail
Delete Testers From All Contacts (Script)
Delete Test (Script)
delete test1 (Script)
Delete fram FaS (Script)
test kick off (Script)
Create DE (Script)
cpj_test
Create New DE (Script)
CRM no purch sample for growthential
retail and ticket sample growthential
retail purhcase sample for Growthential
ticket purchase sample for Growthential
retailandtickets_tickets
ticketsnoretail_tickets
retailnotickets_ecomm
retailandtickets_ecomm
retailandtickets_pos
retailnotickets_pos
TicketMaster ACL Update Customer Master - New to Database
TicketMaster ACL Update Customer Master - Existing
EXPRESS_DATA_APPEND_HANDRAISERCLICK33K_fullshell (Import)
EXPRESS_DATA_APPEND_HANDRAISERNOCLICK85K_fullshell (Import)
EXPRESS_DATA_APPEND_OPRYFULL1MM_fullshell (Import)
EXPRESS_DATA_APPEND_OPRYFULL1MM_Variables (Import)
EXPRESS_DATA_APPEND_OPRYMISSNOBADADD789K_fullshell (Import)
EXPRESS_DATA_APPEND_OPRYMISSNOBADADD789K_Variables (Import)
Opry Click data (Import)
Opry No Click Data (Import)",Ready,--,,--,2022-12-23 10:55:00
162,Ticket Alert,Ticket Alert Insights,"backup_ticket_alert_form
fix_ticket_alert_validation_error
calculate_times_alert_date_is_used_history
ticket_alert_submitter_info
Ticket_Alert_Subscriber_All_Info
calculate_times_alert_date_is_used_reporting",Paused Schedule,--,Complete,2024-01-31 10:54:00,2024-02-01 08:56:00
163,Marketing,Ticket Error Checking,Check For No Match,Scheduled,2024-02-22 12:00:00,Complete,2024-02-21 12:00:00,2024-02-21 12:00:00
164,TicketMaster,TicketMaster ACL Import,"TicketMaster Import ACL (Import)
TicketMaster ACL Update Customer Master - New to Database
TicketMaster ACL Update Customer Master - Existing
TicketMaster ACL",Active File Drop,--,Complete,2023-04-19 19:26:00,2023-04-19 19:26:00
165,Legacy Systems,TicketMaster ACL Import_Manual,"TicketMaster Import ACL (Import)
TicketMaster ACL Update Customer Master - New to Database
TicketMaster ACL Update Customer Master - Existing
TicketMaster ACL",Ready,--,Complete,2023-02-02 15:40:00,2023-02-02 15:40:00
166,Legacy Systems,Ticketmaster ACL to Ticket detail,"TM_ACL_Purchases
TM_ACL_Resale_Purchases
TM_ACL_Cancel
Ticketmaster Tickets ACL Transfers
Ticketmaster Tickets ACL to Ticket Detail
Ticketmaster ACL Email to contact history",Paused Schedule,--,Complete,2023-10-31 06:12:00,2023-10-31 08:55:00
167,TicketMaster,TicketMaster Import,"TicketMaster Import (Import)
TicketMaster
TicketMaster Update Customer Master",Active File Drop,--,Complete,2024-02-21 22:20:00,2024-02-21 22:20:00
168,TicketMaster,TicketMaster to Ticket Detail,"Ticketmaster Tickets to Ticket Detail
TM Staging to Admission Detail
Ticketmaster Email to contact history
TM Contact Staging to Contact to date",Scheduled,2024-02-23 06:00:00,Complete,2024-02-22 06:07:00,2024-02-22 06:07:00
169,,Update Contact Locale,find_contact_locale,Scheduled,2024-02-23 07:00:00,Complete,2024-02-22 07:03:00,2024-02-22 07:03:00
170,One Time Requests,Update Ole Red Subscribers,Update_Ole_Red_Subscribers (Import),Paused Schedule,--,Complete,2024-01-08 08:48:00,2024-01-08 09:07:00
171,AXS,Update Tickets With Missing Event Code,Update Tickets with Missing Event Code,Ready,--,Complete,2023-08-07 20:28:00,2023-08-07 20:28:00
172,Journeys/ACL,Updated ACL Attributes,ACL_Journey_Attriubutes,Scheduled,2024-02-22 22:00:00,Complete,2024-02-21 22:01:00,2024-02-21 22:01:00
173,Datorama,Upsell Analysis AXS,"Opry_Show_Upsell_and_Package
Opry_Show_Upsell_and_Package_order_level
Opry_Tour_Upsell_and_Package
Opry_Tour_Upsell_and_Package_order_level
Ryman Show Upsell and Package
Ryman Show Upsell and Package Order Level
Opry_Show_Upsell_and_Package_Tour_Purchases
Opry_Show_Upsell_and_Package_Tour_Purchases_order_level
Opry_Tour_Upsell_and_Package_Show_Purchases
Opry_Tour_Upsell_and_Package_Show_Purchases_order_level
opry_show_upsell_add_in_flow_tour
opry_show_upsell_add_post_flow_tour_step_1
opry_tour_upsell_add_post_flow_show_step_1
opry_show_upsell_add_post_flow_tour_step_2
opry_tour_upsell_add_post_flow_show_step_2
Opry_Upsell_and_Package_Ecomm
Opry_Upsell_and_Package_Retail
opry_show_upsell_and_ecomm
Opry_Tour_Upsell_and_Ecomm
Opry_Show_Upsell_and_Package_add_retail
Opry_Tour_Upsell_and_Package_add_retail
Opry_Show_Upsell_Final
Opry_Tour_Upsell_Final
Ryman Show Upsell Final
Opry Show Upsell Final
Opry Tour Upsell Final
Ryman Show Upsell_Final
Opry Show Upsell to Dato (Extract)
Opry Tour Upsell to Dato (Extract)
Ryman Upsell to Dato (Extract)
Datorama - Opry Show Upsell (Transfer)
Datorama - Opry Tour Upsell (Transfer)
Ryman Show Upsell to Dato (Transfer)",Scheduled,2024-02-23 01:00:00,Complete,2024-02-22 01:18:00,2024-02-22 01:18:00
174,,Users_With_Unopened_Emails_Last_60_Days,Outlook_and_Hotmail_Users_Unopened_Emails_60_Days,Paused Schedule,--,Complete,2024-01-12 00:03:00,2024-01-12 14:35:00
175,Backups/Daily,Customers_Daily,backup_AllContacts_Step1_Daily,Scheduled,,,,
176,Backups/Daily,Tickets_Daily,"Backup_AudienceView_Order_Contact_2016_to_date_Daily
backup_AudienceView_Ticket_Admission_Detail_Daily
backup_AXS_Customer_Transaction_Daily",Scheduled,,,,
177,Backups/Daily,LeadGen_Daily,"backup_photobooth_archive_daily
backup_Forms_And_Sweeps_Daily
backup_Forms_and_Sweeps_Manual_Upload_Daily
backup_MyPlaceConnect_Daily",Scheduled,,,,
178,Backups/Daily,Retail_Daily,"backup_ShopifyCustomersDE-opryshop_Daily
backup_ShopifyCustomersDE-opryshop-pos_Daily
backup_ShopifyOrderLineItemsDE-opryshop_Daily
backup_ShopifyOrderLineItemsDE-opryshop-pos_Daily
backup_ShopifyOrdersDE-opryshop_Daily
backup_ShopifyOrdersDE-opryshop-pos_Daily
backup_ShopifyProductDE-opryshop_Daily
backup_ShopifyProductDE-opryshop-pos_Daily
backup_ShopifyProductVariantsDE-opryshop_Daily
backup_ShopifyProductVariantsDE-opryshop-pos_Daily
backup_NetSuite_POS_AllRecords_Daily",Scheduled,,,,
179,Backups/Weekly,Customers_Weekly,backup_AllContacts_Step1_Daily,Scheduled,,,,
180,Backups/Weekly,Tickets_Weekly,"Backup_AudienceView_Order_Contact_2016_to_date_Weekly
backup_AudienceView_Ticket_Admission_Detail_Weekly
backup_AXS_Customer_Transaction_Weekly",Scheduled,,,,
181,Backups/Weekly,LeadGen_Weekly,"backup_photobooth_archive_weekly
backup_Forms_And_Sweeps_Weekly
backup_Forms_and_Sweeps_Manual_Upload_Weekly
backup_MyPlaceConnect_Weekly",Scheduled,,,,
182,Backups/Weekly,Retail_Weekly,"backup_ShopifyCustomersDE-opryshop_Weekly
backup_ShopifyCustomersDE-opryshop-pos_Weekly
backup_ShopifyOrderLineItemsDE-opryshop_Weekly
backup_ShopifyOrderLineItemsDE-opryshop-pos_Weekly
backup_ShopifyOrdersDE-opryshop_Weekly
backup_ShopifyOrdersDE-opryshop-pos_Weekly
backup_ShopifyProductDE-opryshop_Weekly
backup_ShopifyProductDE-opryshop-pos_Weekly
backup_ShopifyProductVariantsDE-opryshop_Weekly
backup_ShopifyProductVariantsDE-opryshop-pos_Weekly
backup_NetSuite_POS_AllRecords_Weekly",Scheduled,,,,
183,Backups/Monthly,Customers_Monthly,backup_AllContacts_Step1_Monthly,Scheduled,,,,
184,Backups/Monthly,Tickets_Monthly,"Backup_AudienceView_Order_Contact_2016_to_date_Monthly
backup_AudienceView_Ticket_Admission_Detail_Monthly
backup_AXS_Customer_Transaction_Monthly",Scheduled,,,,
185,Backups/Monthly,LeadGen_Monthly,"backup_photobooth_archive_monthly
backup_Forms_And_Sweeps_Monthly
backup_Forms_and_Sweeps_Manual_Upload_Monthly
backup_MyPlaceConnect_Monthly",Scheduled,,,,
186,Backups/Monthly,Retail_Monthly,"backup_ShopifyCustomersDE-opryshop_Monthly
backup_ShopifyCustomersDE-opryshop-pos_Monthly
backup_ShopifyOrderLineItemsDE-opryshop_Monthly
backup_ShopifyOrderLineItemsDE-opryshop-pos_Monthly
backup_ShopifyOrdersDE-opryshop_Monthly
backup_ShopifyOrdersDE-opryshop-pos_Monthly
backup_ShopifyProductDE-opryshop_Monthly
backup_ShopifyProductDE-opryshop-pos_Monthly
backup_ShopifyProductVariantsDE-opryshop_Monthly
backup_ShopifyProductVariantsDE-opryshop-pos_Monthly
backup_NetSuite_POS_AllRecords_Monthly",Scheduled,,,,
187,Journeys,Retail Best Sellers Journey,retail_purchasers_best_sellers,Scheduled,,,,
188,,BU Purchaser Counts,bu_purchaser_count_month_and_year,Scheduled,,,,
